CKV_K8S_10	/rag/nornicdb.yaml	Deployment.default.synesis-nornicdb
CKV_K8S_11	/rag/nornicdb.yaml	Deployment.default.synesis-nornicdb
CKV_K8S_12	/rag/nornicdb.yaml	Deployment.default.synesis-nornicdb
CKV_K8S_13	/rag/nornicdb.yaml	Deployment.default.synesis-nornicdb
CKV_K8S_14	/admin-mcp-ts/deployment.yaml	Deployment.synesis-admin.synesis-admin-mcp-ts
CKV_K8S_14	/admin/deployment.yaml	Deployment.default.synesis-admin
CKV_K8S_14	/ast-mcp/deployment.yaml	Deployment.synesis-yarn.synesis-ast-mcp
CKV_K8S_14	/edge/cloudflared/deployment.yaml	Deployment.default.cloudflared
CKV_K8S_14	/planner-ts/deployment.yaml	Deployment.synesis-planner.synesis-planner-ts
CKV_K8S_14	/quality-runner/cronjob.yaml	CronJob.default.synesis-quality-runner
CKV_K8S_14	/rag/bge-reranker/deployment.yaml	Deployment.synesis-rag.bge-reranker
CKV_K8S_14	/rag/gliner-service/deployment.yaml	Deployment.synesis-rag.gliner-service
CKV_K8S_14	/rag/indexer/cronjob-queue.yaml	CronJob.synesis-rag.synesis-indexer-queue
CKV_K8S_14	/rag/indexer/cronjob-staged-enrich.yaml	CronJob.synesis-rag.synesis-indexer-staged-enrich
CKV_K8S_14	/rag/indexer/cronjob-staged-fetch.yaml	CronJob.synesis-rag.synesis-indexer-staged-fetch
CKV_K8S_14	/rag/indexer/cronjob-staged-normalize.yaml	CronJob.synesis-rag.synesis-indexer-staged-normalize
CKV_K8S_14	/rag/keyword-service/deployment.yaml	Deployment.synesis-rag.keyword-service
CKV_K8S_14	/rag/preprocess-service/deployment.yaml	Deployment.synesis-rag.preprocess-service
CKV_K8S_14	/rag/spam-service/deployment.yaml	Deployment.synesis-rag.spam-service
CKV_K8S_14	/sandbox/warm-pool-deployment.yaml	Deployment.synesis-sandbox.synesis-warm-pool
CKV_K8S_14	/search/deployment.yaml	Deployment.synesis-search.searxng
CKV_K8S_14	/synesis-mcp/deployment.yaml	Deployment.synesis-yarn.synesis-mcp
CKV_K8S_14	/validation-ring/replay-job.yaml	Job.synesis-validation.app.kubernetes.io/part-of-synesis.synesis-component-validation-runner
CKV_K8S_14	/vision-worker/deployment.yaml	Deployment.synesis-yarn.synesis-vision-worker
CKV_K8S_14	/yarn-ts/deployment.yaml	Deployment.default.synesis-yarn
CKV_K8S_15	/rag/embedder/deployment.yaml	Deployment.synesis-rag.embedder
CKV_K8S_15	/rag/nornicdb.yaml	Deployment.default.synesis-nornicdb
CKV_K8S_15	/rag/redis/deployment.yaml	Deployment.synesis-rag.synesis-redis
CKV_K8S_20	/admin-mcp-ts/deployment.yaml	Deployment.synesis-admin.synesis-admin-mcp-ts
CKV_K8S_20	/ast-mcp/deployment.yaml	Deployment.synesis-yarn.synesis-ast-mcp
CKV_K8S_20	/quality-runner/cronjob.yaml	CronJob.default.synesis-quality-runner
CKV_K8S_20	/rag/nornicdb.yaml	Deployment.default.synesis-nornicdb
CKV_K8S_20	/rag/redis/deployment.yaml	Deployment.synesis-rag.synesis-redis
CKV_K8S_20	/synesis-mcp/deployment.yaml	Deployment.synesis-yarn.synesis-mcp
CKV_K8S_20	/validation-ring/replay-job.yaml	Job.synesis-validation.app.kubernetes.io/part-of-synesis.synesis-component-validation-runner
CKV_K8S_21	/admin/deployment.yaml	Deployment.default.synesis-admin
CKV_K8S_21	/admin/service.yaml	Service.default.synesis-admin
CKV_K8S_21	/edge/cloudflared/deployment.yaml	Deployment.default.cloudflared
CKV_K8S_21	/model-serving/connection-summarizer.yaml	Secret.default.synesis-summarizer
CKV_K8S_21	/quality-runner/cronjob.yaml	CronJob.default.synesis-quality-runner
CKV_K8S_21	/rag/nornicdb.yaml	Deployment.default.synesis-nornicdb
CKV_K8S_21	/rag/nornicdb.yaml	Service.default.synesis-nornicdb
CKV_K8S_21	/yarn-ts/deployment.yaml	Deployment.default.synesis-yarn
CKV_K8S_21	/yarn-ts/service.yaml	Service.default.synesis-yarn
CKV_K8S_22	/admin-mcp-ts/deployment.yaml	Deployment.synesis-admin.synesis-admin-mcp-ts
CKV_K8S_22	/ast-mcp/deployment.yaml	Deployment.synesis-yarn.synesis-ast-mcp
CKV_K8S_22	/model-serving/deployment-vllm-coder.yaml	Deployment.synesis-models.synesis-coder
CKV_K8S_22	/model-serving/deployment-vllm-critic.yaml	Deployment.synesis-models.synesis-critic
CKV_K8S_22	/model-serving/deployment-vllm-general.yaml	Deployment.synesis-models.synesis-general
CKV_K8S_22	/model-serving/deployment-vllm-router.yaml	Deployment.synesis-models.synesis-router
CKV_K8S_22	/planner-ts/deployment.yaml	Deployment.synesis-planner.synesis-planner-ts
CKV_K8S_22	/quality-runner/cronjob.yaml	CronJob.default.synesis-quality-runner
CKV_K8S_22	/rag/bge-reranker/deployment.yaml	Deployment.synesis-rag.bge-reranker
CKV_K8S_22	/rag/embedder/deployment.yaml	Deployment.synesis-rag.embedder
CKV_K8S_22	/rag/gliner-service/deployment.yaml	Deployment.synesis-rag.gliner-service
CKV_K8S_22	/rag/indexer/cronjob-queue.yaml	CronJob.synesis-rag.synesis-indexer-queue
CKV_K8S_22	/rag/indexer/cronjob-staged-enrich.yaml	CronJob.synesis-rag.synesis-indexer-staged-enrich
CKV_K8S_22	/rag/indexer/cronjob-staged-fetch.yaml	CronJob.synesis-rag.synesis-indexer-staged-fetch
CKV_K8S_22	/rag/indexer/cronjob-staged-normalize.yaml	CronJob.synesis-rag.synesis-indexer-staged-normalize
CKV_K8S_22	/rag/keyword-service/deployment.yaml	Deployment.synesis-rag.keyword-service
CKV_K8S_22	/rag/nornicdb.yaml	Deployment.default.synesis-nornicdb
CKV_K8S_22	/rag/preprocess-service/deployment.yaml	Deployment.synesis-rag.preprocess-service
CKV_K8S_22	/rag/redis/deployment.yaml	Deployment.synesis-rag.synesis-redis
CKV_K8S_22	/rag/spam-service/deployment.yaml	Deployment.synesis-rag.spam-service
CKV_K8S_22	/search/deployment.yaml	Deployment.synesis-search.searxng
CKV_K8S_22	/synesis-mcp/deployment.yaml	Deployment.synesis-yarn.synesis-mcp
CKV_K8S_22	/validation-ring/replay-job.yaml	Job.synesis-validation.app.kubernetes.io/part-of-synesis.synesis-component-validation-runner
CKV_K8S_22	/vision-worker/deployment.yaml	Deployment.synesis-yarn.synesis-vision-worker
CKV_K8S_22	/webui/deployment.yaml	Deployment.synesis-webui.open-webui
CKV_K8S_22	/yarn-ts/deployment.yaml	Deployment.default.synesis-yarn
CKV_K8S_23	/admin-mcp-ts/deployment.yaml	Deployment.synesis-admin.synesis-admin-mcp-ts
CKV_K8S_23	/ast-mcp/deployment.yaml	Deployment.synesis-yarn.synesis-ast-mcp
CKV_K8S_23	/quality-runner/cronjob.yaml	CronJob.default.synesis-quality-runner
CKV_K8S_23	/rag/nornicdb.yaml	Deployment.default.synesis-nornicdb
CKV_K8S_23	/rag/redis/deployment.yaml	Deployment.synesis-rag.synesis-redis
CKV_K8S_23	/synesis-mcp/deployment.yaml	Deployment.synesis-yarn.synesis-mcp
CKV_K8S_23	/validation-ring/replay-job.yaml	Job.synesis-validation.app.kubernetes.io/part-of-synesis.synesis-component-validation-runner
CKV_K8S_28	/admin-mcp-ts/deployment.yaml	Deployment.synesis-admin.synesis-admin-mcp-ts
CKV_K8S_28	/ast-mcp/deployment.yaml	Deployment.synesis-yarn.synesis-ast-mcp
CKV_K8S_28	/quality-runner/cronjob.yaml	CronJob.default.synesis-quality-runner
CKV_K8S_28	/rag/nornicdb.yaml	Deployment.default.synesis-nornicdb
CKV_K8S_28	/rag/redis/deployment.yaml	Deployment.synesis-rag.synesis-redis
CKV_K8S_28	/synesis-mcp/deployment.yaml	Deployment.synesis-yarn.synesis-mcp
CKV_K8S_28	/validation-ring/replay-job.yaml	Job.synesis-validation.app.kubernetes.io/part-of-synesis.synesis-component-validation-runner
CKV_K8S_29	/admin-mcp-ts/deployment.yaml	Deployment.synesis-admin.synesis-admin-mcp-ts
CKV_K8S_29	/ast-mcp/deployment.yaml	Deployment.synesis-yarn.synesis-ast-mcp
CKV_K8S_29	/edge/cloudflared/deployment.yaml	Deployment.default.cloudflared
CKV_K8S_29	/planner-ts/deployment.yaml	Deployment.synesis-planner.synesis-planner-ts
CKV_K8S_29	/quality-runner/cronjob.yaml	CronJob.default.synesis-quality-runner
CKV_K8S_29	/rag/bge-reranker/deployment.yaml	Deployment.synesis-rag.bge-reranker
CKV_K8S_29	/rag/indexer/cronjob-queue.yaml	CronJob.synesis-rag.synesis-indexer-queue
CKV_K8S_29	/rag/indexer/cronjob-staged-enrich.yaml	CronJob.synesis-rag.synesis-indexer-staged-enrich
CKV_K8S_29	/rag/indexer/cronjob-staged-fetch.yaml	CronJob.synesis-rag.synesis-indexer-staged-fetch
CKV_K8S_29	/rag/indexer/cronjob-staged-normalize.yaml	CronJob.synesis-rag.synesis-indexer-staged-normalize
CKV_K8S_29	/rag/nornicdb.yaml	Deployment.default.synesis-nornicdb
CKV_K8S_29	/rag/redis/deployment.yaml	Deployment.synesis-rag.synesis-redis
CKV_K8S_29	/synesis-mcp/deployment.yaml	Deployment.synesis-yarn.synesis-mcp
CKV_K8S_29	/validation-ring/replay-job.yaml	Job.synesis-validation.app.kubernetes.io/part-of-synesis.synesis-component-validation-runner
CKV_K8S_29	/yarn-ts/deployment.yaml	Deployment.default.synesis-yarn
CKV_K8S_30	/admin-mcp-ts/deployment.yaml	Deployment.synesis-admin.synesis-admin-mcp-ts
CKV_K8S_30	/ast-mcp/deployment.yaml	Deployment.synesis-yarn.synesis-ast-mcp
CKV_K8S_30	/quality-runner/cronjob.yaml	CronJob.default.synesis-quality-runner
CKV_K8S_30	/rag/nornicdb.yaml	Deployment.default.synesis-nornicdb
CKV_K8S_30	/rag/redis/deployment.yaml	Deployment.synesis-rag.synesis-redis
CKV_K8S_30	/synesis-mcp/deployment.yaml	Deployment.synesis-yarn.synesis-mcp
CKV_K8S_30	/validation-ring/replay-job.yaml	Job.synesis-validation.app.kubernetes.io/part-of-synesis.synesis-component-validation-runner
CKV_K8S_31	/admin-mcp-ts/deployment.yaml	Deployment.synesis-admin.synesis-admin-mcp-ts
CKV_K8S_31	/ast-mcp/deployment.yaml	Deployment.synesis-yarn.synesis-ast-mcp
CKV_K8S_31	/edge/cloudflared/deployment.yaml	Deployment.default.cloudflared
CKV_K8S_31	/quality-runner/cronjob.yaml	CronJob.default.synesis-quality-runner
CKV_K8S_31	/rag/indexer/cronjob-queue.yaml	CronJob.synesis-rag.synesis-indexer-queue
CKV_K8S_31	/rag/indexer/cronjob-staged-enrich.yaml	CronJob.synesis-rag.synesis-indexer-staged-enrich
CKV_K8S_31	/rag/indexer/cronjob-staged-fetch.yaml	CronJob.synesis-rag.synesis-indexer-staged-fetch
CKV_K8S_31	/rag/indexer/cronjob-staged-normalize.yaml	CronJob.synesis-rag.synesis-indexer-staged-normalize
CKV_K8S_31	/rag/nornicdb.yaml	Deployment.default.synesis-nornicdb
CKV_K8S_31	/rag/redis/deployment.yaml	Deployment.synesis-rag.synesis-redis
CKV_K8S_31	/synesis-mcp/deployment.yaml	Deployment.synesis-yarn.synesis-mcp
CKV_K8S_31	/validation-ring/replay-job.yaml	Job.synesis-validation.app.kubernetes.io/part-of-synesis.synesis-component-validation-runner
CKV_K8S_35	/admin-mcp-ts/deployment.yaml	Deployment.synesis-admin.synesis-admin-mcp-ts
CKV_K8S_35	/admin/deployment.yaml	Deployment.default.synesis-admin
CKV_K8S_35	/edge/cloudflared/deployment.yaml	Deployment.default.cloudflared
CKV_K8S_35	/planner-ts/deployment.yaml	Deployment.synesis-planner.synesis-planner-ts
CKV_K8S_35	/quality-runner/cronjob.yaml	CronJob.default.synesis-quality-runner
CKV_K8S_35	/rag/embedder/deployment.yaml	Deployment.synesis-rag.embedder
CKV_K8S_35	/rag/indexer/cronjob-queue.yaml	CronJob.synesis-rag.synesis-indexer-queue
CKV_K8S_35	/rag/indexer/cronjob-staged-enrich.yaml	CronJob.synesis-rag.synesis-indexer-staged-enrich
CKV_K8S_35	/rag/indexer/cronjob-staged-fetch.yaml	CronJob.synesis-rag.synesis-indexer-staged-fetch
CKV_K8S_35	/rag/indexer/cronjob-staged-normalize.yaml	CronJob.synesis-rag.synesis-indexer-staged-normalize
CKV_K8S_35	/rag/nornicdb.yaml	Deployment.default.synesis-nornicdb
CKV_K8S_35	/rag/spam-service/deployment.yaml	Deployment.synesis-rag.spam-service
CKV_K8S_35	/sandbox/warm-pool-deployment.yaml	Deployment.synesis-sandbox.synesis-warm-pool
CKV_K8S_35	/synesis-mcp/deployment.yaml	Deployment.synesis-yarn.synesis-mcp
CKV_K8S_35	/validation-ring/replay-job.yaml	Job.synesis-validation.app.kubernetes.io/part-of-synesis.synesis-component-validation-runner
CKV_K8S_35	/vision-worker/deployment.yaml	Deployment.synesis-yarn.synesis-vision-worker
CKV_K8S_35	/webui/deployment.yaml	Deployment.synesis-webui.open-webui
CKV_K8S_35	/yarn-ts/deployment.yaml	Deployment.default.synesis-yarn
CKV_K8S_37	/admin-mcp-ts/deployment.yaml	Deployment.synesis-admin.synesis-admin-mcp-ts
CKV_K8S_37	/ast-mcp/deployment.yaml	Deployment.synesis-yarn.synesis-ast-mcp
CKV_K8S_37	/quality-runner/cronjob.yaml	CronJob.default.synesis-quality-runner
CKV_K8S_37	/rag/nornicdb.yaml	Deployment.default.synesis-nornicdb
CKV_K8S_37	/rag/redis/deployment.yaml	Deployment.synesis-rag.synesis-redis
CKV_K8S_37	/synesis-mcp/deployment.yaml	Deployment.synesis-yarn.synesis-mcp
CKV_K8S_37	/validation-ring/replay-job.yaml	Job.synesis-validation.app.kubernetes.io/part-of-synesis.synesis-component-validation-runner
CKV_K8S_38	/admin-mcp-ts/deployment.yaml	Deployment.synesis-admin.synesis-admin-mcp-ts
CKV_K8S_38	/admin/deployment.yaml	Deployment.default.synesis-admin
CKV_K8S_38	/ast-mcp/deployment.yaml	Deployment.synesis-yarn.synesis-ast-mcp
CKV_K8S_38	/edge/cloudflared/deployment.yaml	Deployment.default.cloudflared
CKV_K8S_38	/model-serving/deployment-vllm-coder.yaml	Deployment.synesis-models.synesis-coder
CKV_K8S_38	/model-serving/deployment-vllm-critic.yaml	Deployment.synesis-models.synesis-critic
CKV_K8S_38	/model-serving/deployment-vllm-general.yaml	Deployment.synesis-models.synesis-general
CKV_K8S_38	/model-serving/deployment-vllm-router.yaml	Deployment.synesis-models.synesis-router
CKV_K8S_38	/planner-ts/deployment.yaml	Deployment.synesis-planner.synesis-planner-ts
CKV_K8S_38	/quality-runner/cronjob.yaml	CronJob.default.synesis-quality-runner
CKV_K8S_38	/rag/bge-reranker/deployment.yaml	Deployment.synesis-rag.bge-reranker
CKV_K8S_38	/rag/embedder/deployment.yaml	Deployment.synesis-rag.embedder
CKV_K8S_38	/rag/gliner-service/deployment.yaml	Deployment.synesis-rag.gliner-service
CKV_K8S_38	/rag/indexer/cronjob-queue.yaml	CronJob.synesis-rag.synesis-indexer-queue
CKV_K8S_38	/rag/indexer/cronjob-staged-enrich.yaml	CronJob.synesis-rag.synesis-indexer-staged-enrich
CKV_K8S_38	/rag/indexer/cronjob-staged-fetch.yaml	CronJob.synesis-rag.synesis-indexer-staged-fetch
CKV_K8S_38	/rag/indexer/cronjob-staged-normalize.yaml	CronJob.synesis-rag.synesis-indexer-staged-normalize
CKV_K8S_38	/rag/keyword-service/deployment.yaml	Deployment.synesis-rag.keyword-service
CKV_K8S_38	/rag/nornicdb.yaml	Deployment.default.synesis-nornicdb
CKV_K8S_38	/rag/preprocess-service/deployment.yaml	Deployment.synesis-rag.preprocess-service
CKV_K8S_38	/rag/redis/deployment.yaml	Deployment.synesis-rag.synesis-redis
CKV_K8S_38	/rag/spam-service/deployment.yaml	Deployment.synesis-rag.spam-service
CKV_K8S_38	/sandbox/warm-pool-deployment.yaml	Deployment.synesis-sandbox.synesis-warm-pool
CKV_K8S_38	/search/deployment.yaml	Deployment.synesis-search.searxng
CKV_K8S_38	/synesis-mcp/deployment.yaml	Deployment.synesis-yarn.synesis-mcp
CKV_K8S_38	/validation-ring/replay-job.yaml	Job.synesis-validation.app.kubernetes.io/part-of-synesis.synesis-component-validation-runner
CKV_K8S_38	/vision-worker/deployment.yaml	Deployment.synesis-yarn.synesis-vision-worker
CKV_K8S_38	/webui/deployment.yaml	Deployment.synesis-webui.open-webui
CKV_K8S_38	/yarn-ts/deployment.yaml	Deployment.default.synesis-yarn
CKV_K8S_40	/admin-mcp-ts/deployment.yaml	Deployment.synesis-admin.synesis-admin-mcp-ts
CKV_K8S_40	/admin/deployment.yaml	Deployment.default.synesis-admin
CKV_K8S_40	/ast-mcp/deployment.yaml	Deployment.synesis-yarn.synesis-ast-mcp
CKV_K8S_40	/edge/cloudflared/deployment.yaml	Deployment.default.cloudflared
CKV_K8S_40	/model-serving/deployment-vllm-coder.yaml	Deployment.synesis-models.synesis-coder
CKV_K8S_40	/model-serving/deployment-vllm-critic.yaml	Deployment.synesis-models.synesis-critic
CKV_K8S_40	/model-serving/deployment-vllm-general.yaml	Deployment.synesis-models.synesis-general
CKV_K8S_40	/model-serving/deployment-vllm-router.yaml	Deployment.synesis-models.synesis-router
CKV_K8S_40	/planner-ts/deployment.yaml	Deployment.synesis-planner.synesis-planner-ts
CKV_K8S_40	/quality-runner/cronjob.yaml	CronJob.default.synesis-quality-runner
CKV_K8S_40	/rag/bge-reranker/deployment.yaml	Deployment.synesis-rag.bge-reranker
CKV_K8S_40	/rag/embedder/deployment.yaml	Deployment.synesis-rag.embedder
CKV_K8S_40	/rag/gliner-service/deployment.yaml	Deployment.synesis-rag.gliner-service
CKV_K8S_40	/rag/indexer/cronjob-queue.yaml	CronJob.synesis-rag.synesis-indexer-queue
CKV_K8S_40	/rag/indexer/cronjob-staged-enrich.yaml	CronJob.synesis-rag.synesis-indexer-staged-enrich
CKV_K8S_40	/rag/indexer/cronjob-staged-fetch.yaml	CronJob.synesis-rag.synesis-indexer-staged-fetch
CKV_K8S_40	/rag/indexer/cronjob-staged-normalize.yaml	CronJob.synesis-rag.synesis-indexer-staged-normalize
CKV_K8S_40	/rag/keyword-service/deployment.yaml	Deployment.synesis-rag.keyword-service
CKV_K8S_40	/rag/nornicdb.yaml	Deployment.default.synesis-nornicdb
CKV_K8S_40	/rag/preprocess-service/deployment.yaml	Deployment.synesis-rag.preprocess-service
CKV_K8S_40	/rag/redis/deployment.yaml	Deployment.synesis-rag.synesis-redis
CKV_K8S_40	/rag/spam-service/deployment.yaml	Deployment.synesis-rag.spam-service
CKV_K8S_40	/sandbox/warm-pool-deployment.yaml	Deployment.synesis-sandbox.synesis-warm-pool
CKV_K8S_40	/search/deployment.yaml	Deployment.synesis-search.searxng
CKV_K8S_40	/synesis-mcp/deployment.yaml	Deployment.synesis-yarn.synesis-mcp
CKV_K8S_40	/validation-ring/replay-job.yaml	Job.synesis-validation.app.kubernetes.io/part-of-synesis.synesis-component-validation-runner
CKV_K8S_40	/vision-worker/deployment.yaml	Deployment.synesis-yarn.synesis-vision-worker
CKV_K8S_40	/webui/deployment.yaml	Deployment.synesis-webui.open-webui
CKV_K8S_40	/yarn-ts/deployment.yaml	Deployment.default.synesis-yarn
CKV_K8S_42	/admin/rbac-gateway-secrets.yaml	RoleBinding.synesis-gateway.synesis-admin-provider-keys
CKV_K8S_42	/admin/rbac-gateway-secrets.yaml	RoleBinding.synesis-planner.synesis-admin-provider-keys
CKV_K8S_42	/admin/rbac-gateway-secrets.yaml	RoleBinding.synesis-yarn.synesis-admin-provider-keys
CKV_K8S_42	/sandbox/rbac.yaml	RoleBinding.synesis-sandbox.planner-sandbox-executor
CKV_K8S_43	/admin-mcp-ts/deployment.yaml	Deployment.synesis-admin.synesis-admin-mcp-ts
CKV_K8S_43	/admin/deployment.yaml	Deployment.default.synesis-admin
CKV_K8S_43	/ast-mcp/deployment.yaml	Deployment.synesis-yarn.synesis-ast-mcp
CKV_K8S_43	/edge/cloudflared/deployment.yaml	Deployment.default.cloudflared
CKV_K8S_43	/planner-ts/deployment.yaml	Deployment.synesis-planner.synesis-planner-ts
CKV_K8S_43	/quality-runner/cronjob.yaml	CronJob.default.synesis-quality-runner
CKV_K8S_43	/rag/bge-reranker/deployment.yaml	Deployment.synesis-rag.bge-reranker
CKV_K8S_43	/rag/embedder/deployment.yaml	Deployment.synesis-rag.embedder
CKV_K8S_43	/rag/gliner-service/deployment.yaml	Deployment.synesis-rag.gliner-service
CKV_K8S_43	/rag/indexer/cronjob-queue.yaml	CronJob.synesis-rag.synesis-indexer-queue
CKV_K8S_43	/rag/indexer/cronjob-staged-enrich.yaml	CronJob.synesis-rag.synesis-indexer-staged-enrich
CKV_K8S_43	/rag/indexer/cronjob-staged-fetch.yaml	CronJob.synesis-rag.synesis-indexer-staged-fetch
CKV_K8S_43	/rag/indexer/cronjob-staged-normalize.yaml	CronJob.synesis-rag.synesis-indexer-staged-normalize
CKV_K8S_43	/rag/keyword-service/deployment.yaml	Deployment.synesis-rag.keyword-service
CKV_K8S_43	/rag/nornicdb.yaml	Deployment.default.synesis-nornicdb
CKV_K8S_43	/rag/preprocess-service/deployment.yaml	Deployment.synesis-rag.preprocess-service
CKV_K8S_43	/rag/redis/deployment.yaml	Deployment.synesis-rag.synesis-redis
CKV_K8S_43	/rag/spam-service/deployment.yaml	Deployment.synesis-rag.spam-service
CKV_K8S_43	/sandbox/warm-pool-deployment.yaml	Deployment.synesis-sandbox.synesis-warm-pool
CKV_K8S_43	/search/deployment.yaml	Deployment.synesis-search.searxng
CKV_K8S_43	/synesis-mcp/deployment.yaml	Deployment.synesis-yarn.synesis-mcp
CKV_K8S_43	/validation-ring/replay-job.yaml	Job.synesis-validation.app.kubernetes.io/part-of-synesis.synesis-component-validation-runner
CKV_K8S_43	/vision-worker/deployment.yaml	Deployment.synesis-yarn.synesis-vision-worker
CKV_K8S_43	/webui/deployment.yaml	Deployment.synesis-webui.open-webui
CKV_K8S_43	/yarn-ts/deployment.yaml	Deployment.default.synesis-yarn
CKV_K8S_8	/ast-mcp/deployment.yaml	Deployment.synesis-yarn.synesis-ast-mcp
CKV_K8S_8	/edge/cloudflared/deployment.yaml	Deployment.default.cloudflared
CKV_K8S_8	/vision-worker/deployment.yaml	Deployment.synesis-yarn.synesis-vision-worker
CKV_K8S_9	/ast-mcp/deployment.yaml	Deployment.synesis-yarn.synesis-ast-mcp
CKV_K8S_9	/edge/cloudflared/deployment.yaml	Deployment.default.cloudflared
CKV_K8S_9	/vision-worker/deployment.yaml	Deployment.synesis-yarn.synesis-vision-worker
